Date,Clockwise Max Growth,Clockwise Moderate,Clockwise Max Income,Clockwise Growth
12/09/20,"100,000","100,000","100,000","100,000"
12/10/20,"101,244","100,529","100,063","100,667"
12/11/20,"100,938","100,204","99,964","100,225"
12/14/20,"101,113","100,087","99,852","100,050"
12/15/20,"102,467","101,044","100,241","101,311"
12/16/20,"103,428","101,302","100,193","101,666"
12/17/20,"104,075","101,656","100,337","102,144"
12/18/20,"104,360","101,509","100,202","101,934"
12/21/20,"104,257","101,409","100,058","101,760"
12/22/20,"105,037","101,443","100,023","101,760"
12/23/20,"104,179","101,568","100,220","101,934"
12/24/20,"104,160","101,548","100,265","101,916"
12/25/20,"104,160","101,548","100,265","101,916"
12/28/20,"104,180","101,885","100,317","102,375"
12/29/20,"103,053","101,532","100,244","101,969"
12/30/20,"103,717","101,909","100,394","102,463"
12/31/20,"103,315","101,947","100,454","102,549"
01/01/21,"103,315","101,146","100,290","101,490"
01/04/21,"101,849","102,133","100,185","102,781"
01/05/21,"103,798","102,522","100,478","103,277"
01/06/21,"103,576","103,751","100,995","104,870"
01/07/21,"106,767","103,960","101,244","105,207"
01/08/21,"107,117","103,341","101,309","104,369"
01/11/21,"106,685","103,679","101,238","104,798"
01/12/21,"107,621","103,798","101,448","104,981"
01/13/21,"107,747","104,017","101,406","105,249"
01/14/21,"107,276","103,023","101,604","103,945"
01/15/21,"105,579","103,023","101,347","103,945"
01/18/21,"105,579","103,516","101,347","104,608"
01/19/21,"106,302","104,258","101,517","105,605"
01/20/21,"107,433","104,126","101,744","105,457"
01/21/21,"107,954","104,117","101,618","105,386"
01/22/21,"107,761","103,960","101,578","105,202"
01/25/21,"107,430","103,671","101,596","104,836"
01/26/21,"106,580","101,922","101,503","102,463"
01/27/21,"104,548","102,682","100,967","103,500"
01/28/21,"104,854","101,492","101,124","101,863"
01/29/21,"102,849","102,606","100,705","103,354"
02/01/21,"104,916","103,745","101,096","104,867"
02/02/21,"107,341","103,907","101,370","105,089"
02/03/21,"107,251","104,897","101,463","106,370"
02/04/21,"108,323","105,505","101,732","107,168"
02/05/21,"109,410","106,704","101,904","108,697"
02/08/21,"111,205","106,676","102,190","108,673"
02/09/21,"111,259","106,842","102,225","108,901"
02/10/21,"111,540","107,253","102,267","109,441"
02/11/21,"111,352","107,620","102,319","109,946"
02/12/21,"111,935","107,620","102,416","109,946"
02/15/21,"111,935","107,972","102,416","110,406"
02/16/21,"112,035","107,567","102,474","109,913"
02/17/21,"111,660","107,079","102,374","109,270"
02/18/21,"110,722","107,594","102,198","109,905"
02/19/21,"111,655","106,747","102,451","108,767"
02/22/21,"110,605","106,634","102,421","108,631"
02/23/21,"110,405","106,929","102,477","109,028"
02/24/21,"111,193","104,788","102,811","106,194"
02/25/21,"106,793","104,509","102,148","105,763"
02/26/21,"108,497","106,513","102,000","108,426"
03/01/21,"111,227","106,077","102,602","107,864"
03/02/21,"111,320","105,115","102,421","106,600"
03/03/21,"109,708","103,879","102,290","104,967"
03/04/21,"106,971","104,859","101,908","106,279"
03/05/21,"108,112","104,020","102,437","105,179"
03/08/21,"105,852","105,461","102,517","107,065"
03/09/21,"108,813","106,077","102,680","107,858"
03/10/21,"109,963","107,285","102,973","109,442"
03/11/21,"112,166","107,513","103,236","109,728"
03/12/21,"113,213","108,134","103,376","110,532"
03/15/21,"114,233","107,765","103,548","110,079"
03/16/21,"113,085","108,190","103,355","110,641"
03/17/21,"114,095","106,591","103,518","108,574"
03/18/21,"111,031","106,825","103,142","108,868"
03/19/21,"111,699","106,896","103,164","109,018"
03/22/21,"110,632","105,836","103,114","107,651"
03/23/21,"108,087","104,864","102,599","106,381"
03/24/21,"106,309","105,343","102,417","107,008"
03/25/21,"108,099","106,412","102,755","108,549"
03/26/21,"110,095","105,374","102,739","108,062"
03/29/21,"108,557","105,615","102,575","108,425"
03/30/21,"109,215","106,685","102,473","109,216"
03/31/21,"110,201","107,668","102,612","110,474"
04/01/21,"112,310","107,668","102,682","110,474"
04/02/21,"112,310","107,939","102,682","111,508"
04/05/21,"113,566","108,559","102,559","111,539"
04/06/21,"113,697","108,123","102,659","112,007"
04/07/21,"113,479","108,620","102,426","112,672"
04/08/21,"114,278","109,081","102,543","113,249"
04/09/21,"115,500","109,136","102,477","113,608"
04/12/21,"116,117","109,970","102,396","114,030"
04/13/21,"116,948","109,367","102,616","113,388"
04/14/21,"116,155","110,171","102,718","114,298"
04/15/21,"117,321","110,087","102,833","114,266"
04/16/21,"117,284","109,098","102,760","113,411"
04/19/21,"116,342","107,912","102,665","112,168"
04/20/21,"113,884","108,818","102,601","113,113"
04/21/21,"115,231","108,717","102,670","112,284"
04/22/21,"114,705","110,187","102,848","113,596"
04/23/21,"116,732","110,820","102,906","114,436"
04/26/21,"117,018","110,639","103,040","114,474"
04/27/21,"116,938","110,351","102,918","114,634"
04/28/21,"116,577","109,440","103,034","115,224"
04/29/21,"115,574","108,546","102,942","114,109"
04/30/21,"114,186","108,218","102,967","114,261"
05/03/21,"114,254","106,986","102,926","113,049"
05/04/21,"112,980","106,403","103,015","113,395"
05/05/21,"112,795","105,822","103,027","114,060"
05/06/21,"112,708","106,387","103,000","115,139"
05/07/21,"113,651","105,375","103,000","113,379"
05/10/21,"111,908","105,365","102,941","113,016"
05/11/21,"112,039","103,297","103,068","110,519"
05/12/21,"108,641","103,468","103,346","111,251"
05/13/21,"109,453","105,461","103,039","113,291"
05/14/21,"111,870","105,247","102,972","113,205"
05/17/21,"111,669","105,213","103,147","112,550"
05/18/21,"111,276","104,748","103,076","112,205"
05/19/21,"110,808","105,536","102,893","113,268"
05/20/21,"111,598","105,495","102,892","113,247"
05/21/21,"111,613","106,078","102,909","114,591"
05/24/21,"112,783","106,031","102,954","114,468"
05/25/21,"112,626","106,781","102,936","115,099"
05/26/21,"113,524","107,291","102,826","115,397"
05/27/21,"114,346","107,359","102,713","115,819"
05/28/21,"114,247","107,359","102,832","115,819"
05/31/21,"114,247","107,716","102,832","116,276"
06/01/21,"114,670","107,669","103,077","116,507"
06/02/21,"114,190","106,920","102,946","115,907"
06/03/21,"113,550","107,034","102,774","116,821"
06/04/21,"113,966","107,471","102,827","117,047"
06/07/21,"114,504","107,715","102,852","117,047"
06/08/21,"114,358","107,237","102,974","116,451"
06/09/21,"113,717","107,746","102,959","116,667"
06/10/21,"113,741","108,223","102,961","117,140"
06/11/21,"114,561","108,451","102,874","117,556"
06/14/21,"114,438","107,963","102,848","117,098"
06/15/21,"113,702","107,621","102,912","116,370"
06/16/21,"113,303","107,899","102,529","116,232"
06/17/21,"113,181","107,437","102,525","114,813"
06/18/21,"112,530","107,347","102,513","115,911"
06/21/21,"112,770","108,062","102,512","116,424"
06/22/21,"114,081","108,399","102,588","116,519"
06/23/21,"114,440","108,879","102,572","117,424"
06/24/21,"115,136","108,740","102,627","117,531"
06/25/21,"115,196","108,925","102,671","118,222"
06/28/21,"115,510","109,083","102,787","118,033"
06/29/21,"115,579","109,097","102,825","117,948"
06/30/21,"115,551","109,199","102,885","118,356"
07/01/21,"115,734","109,427","102,909","118,686"
07/02/21,"116,227","109,427","102,997","118,686"
07/05/21,"116,227","109,340","102,997","118,274"
07/06/21,"116,238","109,025","102,972","118,165"
07/07/21,"116,084","108,465","102,851","116,715"
07/08/21,"114,794","109,863","102,872","118,335"
07/09/21,"116,761","109,577","102,932","118,862"
07/12/21,"116,668","108,674","102,990","117,979"
07/13/21,"115,684","108,088","102,782","117,577"
07/14/21,"114,939","107,838","102,622","116,876"
07/15/21,"114,053","107,268","102,718","115,721"
07/16/21,"112,632","106,501","102,719","114,240"
07/19/21,"111,257","107,764","102,986","116,149"
07/20/21,"113,149","108,524","103,037","117,693"
07/21/21,"114,392","108,467","102,899","117,641"
07/22/21,"114,392","108,866","102,951","118,327"
07/23/21,"115,141","109,213","103,154","118,414"
07/26/21,"115,606","108,384","103,275","117,389"
07/27/21,"113,828","108,802","103,273","117,971"
07/28/21,"114,264","108,893","103,410","118,199"
07/29/21,"114,555","107,909","103,410","117,128"
07/30/21,"113,006","108,647","103,409","117,816"
08/02/21,"113,345","109,048","103,566","118,366"
08/03/21,"113,674","108,607","103,529","117,988"
08/04/21,"112,924","109,252","103,384","119,276"
08/05/21,"114,278","109,131","103,367","119,416"
08/06/21,"114,256","109,048","103,206","119,470"
08/09/21,"114,036","108,670","103,131","119,646"
08/10/21,"113,807","108,989","103,076","120,096"
08/11/21,"114,244","109,145","103,152","120,195"
08/12/21,"114,615","108,914","103,075","120,030"
08/13/21,"114,354","108,279","103,091","119,661"
08/16/21,"113,547","107,539","103,024","118,550"
08/17/21,"111,973","107,265","102,896","117,528"
08/18/21,"111,212","106,689","102,944","117,127"
08/19/21,"110,524","107,079","102,912","118,246"
08/20/21,"111,367","108,232","102,754","119,748"
08/23/21,"113,123","108,927","102,950","120,309"
08/24/21,"114,254","109,460","103,048","120,718"
08/25/21,"115,057","109,269","103,027","119,909"
08/26/21,"114,920","109,959","103,003","121,367"
08/27/21,"116,340","112,016","103,401","121,514"
08/30/21,"116,261","111,731","103,332","121,457"
08/31/21,"115,981","111,782","103,243","121,529"
09/01/21,"115,791","112,494","103,249","121,593"
09/02/21,"116,350","112,026","103,408","121,777"
09/03/21,"116,282","112,026","103,311","121,777"
09/06/21,"116,282","111,754","103,311","121,376"
09/07/21,"115,931","110,988","103,147","120,503"
09/08/21,"114,862","111,145","103,154","120,117"
09/09/21,"114,557","112,579","103,359","119,419"
09/10/21,"113,864","111,866","103,240","119,689"
09/13/21,"114,446","111,386","103,166","118,849"
09/14/21,"113,576","111,975","103,036","119,690"
09/15/21,"114,357","112,496","103,108","119,686"
09/16/21,"114,526","112,218","102,981","118,866"
09/17/21,"113,869","110,222","103,081","116,557"
09/20/21,"111,069","110,396","103,039","116,496"
09/21/21,"111,116","111,512","102,932","117,878"
09/22/21,"112,827","113,073","102,868","119,611"
09/23/21,"114,680","112,818","102,799","119,491"
09/24/21,"115,089","113,192","102,536","119,649"
09/27/21,"115,133","110,858","102,708","117,533"
09/28/21,"112,711","110,366","102,588","117,343"
09/29/21,"111,778","110,222","102,638","116,644"
09/30/21,"111,541","111,361","102,495","117,563"
10/01/21,"113,303","109,925","102,739","115,929"
10/04/21,"110,864","110,662","102,653","117,309"
10/05/21,"112,188","111,178","102,695","117,588"
10/06/21,"113,178","111,870","102,640","118,637"
10/07/21,"114,443","111,266","102,668","118,207"
10/08/21,"113,750","110,608","102,549","117,354"
10/11/21,"112,783","111,030","102,431","117,236"
10/12/21,"113,376","111,727","102,496","117,688"
10/13/21,"114,252","113,049","102,653","119,381"
10/14/21,"116,458","113,543","102,870","120,224"
10/15/21,"117,508","113,877","102,807","120,685"
10/18/21,"118,298","114,008","102,658","121,341"
10/19/21,"118,752","113,958","102,703","121,820"
10/20/21,"118,331","114,276","102,862","122,183"
10/21/21,"119,016","113,623","102,805","121,677"
10/22/21,"117,952","113,954","102,882","122,396"
10/25/21,"118,496","114,030","103,066","122,675"
10/26/21,"118,969","113,094","103,172","121,336"
10/27/21,"118,179","113,937","103,083","122,783"
10/28/21,"120,400","113,590","102,957","122,371"
10/29/21,"119,857","113,727","102,853","123,094"
11/01/21,"120,370","113,490","102,946","123,032"
11/02/21,"119,382","114,329","103,047","123,581"
11/03/21,"120,760","114,530","103,093","124,369"
11/04/21,"121,784","115,125","103,311","124,676"
11/05/21,"122,521","115,256","103,612","125,079"
11/08/21,"122,879","115,045","103,735","124,730"
11/09/21,"122,527","113,682","103,868","123,430"
11/10/21,"120,074","113,891","103,540","124,072"
11/11/21,"120,887","114,896","103,524","124,666"
11/12/21,"122,831","114,654","103,514","124,934"
11/15/21,"122,387","115,090","103,452","124,888"
11/16/21,"122,916","114,643","103,411","123,851"
11/17/21,"121,967","114,715","103,365","124,823"
11/18/21,"123,080","114,092","103,245","124,696"
11/19/21,"122,199","112,367","103,072","124,004"
11/22/21,"119,608","112,081","102,699","124,271"
11/23/21,"119,372","112,451","102,520","124,705"
11/24/21,"120,230","112,451","102,628","124,705"
11/25/21,"120,230","111,197","102,628","121,658"
11/26/21,"117,724","111,158","103,029","122,839"
11/29/21,"118,056","109,639","102,553","120,838"
11/30/21,"115,887","107,546","102,591","118,765"
12/01/21,"112,355","109,226","102,314","120,347"
12/02/21,"114,701","107,760","102,537","118,637"
12/03/21,"112,271","108,792","102,621","119,621"
12/06/21,"113,992","110,290","102,474","122,317"
12/07/21,"116,932","110,888","102,545","122,644"
12/08/21,"117,693","109,827","102,412","121,349"
12/09/21,"115,585","109,882","102,082","121,375"
12/10/21,"115,650","108,881","101,949","119,460"
12/13/21,"113,167","108,811","101,933","119,188"
12/14/21,"113,317","109,992","101,785","120,970"
12/15/21,"115,602","108,613","101,873","119,497"
12/16/21,"113,050","108,992","101,962","118,551"
12/17/21,"113,205","107,942","102,084","117,091"
12/20/21,"111,515","109,902","101,942","119,733"
12/21/21,"114,970","110,223","102,235","120,323"
12/22/21,"115,543","110,557","102,293","121,014"
12/23/21,"116,176","110,557","102,312","121,014"
12/24/21,"116,176","110,947","102,312","122,481"
12/27/21,"117,053","110,571","102,463","122,209"
12/28/21,"116,437","110,518","102,358","122,049"
12/29/21,"116,216","110,753","102,310","121,916"
12/30/21,"116,287","110,247","102,576","121,462"
12/31/21,"115,448","110,897","102,493","122,891"
01/03/22,"117,399","110,518","102,353","122,947"
01/04/22,"116,896","108,504","102,223","120,402"
01/05/22,"113,601","108,518","101,728","120,971"
01/06/22,"113,716","108,403","101,590","120,755"
01/07/22,"113,218","108,502","101,471","120,550"
01/10/22,"113,455","109,507","101,445","122,005"
01/11/22,"115,570","108,992","101,762","122,088"
01/12/22,"115,019","107,881","101,448","120,676"
01/13/22,"112,841","107,479","101,408","120,767"
01/14/22,"112,232","107,479","101,223","120,767"
01/17/22,"112,232","105,755","101,223","119,225"
01/18/22,"109,350","105,177","100,838","118,061"
01/19/22,"108,190","104,468","100,645","116,711"
01/20/22,"106,853","102,893","100,560","114,532"
01/21/22,"103,625","103,400","100,715","114,676"
01/24/22,"104,215","102,474","101,004","113,842"
01/25/22,"102,625","101,826","100,828","113,415"
01/26/22,"101,731","101,083","100,433","112,466"
01/27/22,"100,423","102,733","100,395","114,446"
01/28/22,"103,151","104,916","100,603","116,885"
01/31/22,"107,470","105,565","100,889","117,900"
02/01/22,"109,004","104,937","100,682","118,128"
02/02/22,"107,874","101,863","100,634","114,693"
02/03/22,"101,933","103,432","100,393","115,941"
02/04/22,"105,641","103,614","100,164","115,838"
02/07/22,"105,787","104,052","100,150","116,913"
02/08/22,"106,389","105,568","100,109","118,979"
02/09/22,"109,168","104,405","100,351","117,386"
02/10/22,"107,128","103,116","99,827","115,397"
02/11/22,"104,439","102,855","100,357","115,095"
02/14/22,"104,208","104,315","100,112","117,304"
02/15/22,"107,101","104,036","100,052","117,302"
02/16/22,"106,637","102,382","100,030","114,698"
02/17/22,"103,687","101,553","100,015","113,685"
02/18/22,"102,013","101,553","100,008","113,685"
02/21/22,"102,013","100,682","100,008","112,602"
02/22/22,"100,190","99,303","99,912","110,709"
02/23/22,"97,898","100,986","99,800","111,779"
02/24/22,"100,806","102,275","100,012","114,730"
02/25/22,"102,748","102,826","100,307","114,768"
02/28/22,"103,451","101,806","101,095","112,880"
03/01/22,"101,566","102,532","101,394","114,417"
03/02/22,"102,992","100,773","101,171","113,199"
03/03/22,"100,264","99,273","101,027","111,559"
03/04/22,"97,784","97,017","101,201","108,085"
03/07/22,"93,852","97,380","101,243","107,901"
03/08/22,"94,709","99,099","101,208","111,039"
03/09/22,"97,563","98,955","101,069","110,495"
03/10/22,"97,373","98,019","100,793","108,997"
03/11/22,"95,621","96,880","100,764","108,051"
03/14/22,"93,622","97,882","100,405","110,082"
03/15/22,"95,563","99,995","100,370","113,077"
03/16/22,"99,345","101,403","100,304","114,428"
03/17/22,"101,272","102,416","101,093","116,141"
03/18/22,"103,492","101,467","100,974","116,045"
03/21/22,"102,699","102,854","100,643","117,280"
03/22/22,"104,858","102,402","100,629","115,893"
03/23/22,"104,067","103,056","100,871","117,645"
03/24/22,"105,865","102,820","100,788","117,913"
03/25/22,"105,594","103,499","100,567","118,458"
03/28/22,"106,681","104,737","100,642","119,965"
03/29/22,"108,809","103,947","100,822","118,667"
03/30/22,"107,359","102,858","100,843","116,904"
03/31/22,"105,313","103,013","100,569","116,950"
04/01/22,"105,554","103,998","100,419","118,076"
04/04/22,"107,658","102,351","100,415","116,066"
04/05/22,"104,654","100,840","99,873","114,379"
04/06/22,"101,977","100,697","99,598","114,281"
04/07/22,"101,571","100,670","99,527","113,770"
04/08/22,"101,087","99,954","100,076","112,519"
04/11/22,"99,799","100,030","99,300","112,243"
04/12/22,"99,876","101,465","99,471","113,471"
04/13/22,"101,763","100,874","100,182","112,153"
04/14/22,"100,742","100,874","100,144","112,153"
04/15/22,"100,742","100,470","100,144","112,525"
04/18/22,"100,098","101,908","100,049","114,054"
04/19/22,"102,024","100,921","100,735","113,352"
04/20/22,"100,373","98,971","100,863","111,234"
04/21/22,"97,944","97,148","99,608","108,883"
04/22/22,"95,913","97,313","97,957","109,220"
04/25/22,"96,427","95,526","97,558","106,614"
04/26/22,"94,039","95,334","96,493","106,330"
04/27/22,"93,658","96,988","96,678","108,417"
04/28/22,"95,484","94,184","97,869","104,654"
04/29/22,"92,228","95,059","95,861","106,266"
05/02/22,"93,602","95,092","96,100","106,112"
05/03/22,"93,486","96,955","96,563","108,572"
05/04/22,"95,624","94,247","98,388","104,298"
05/05/22,"91,992","93,901","97,014","103,334"
05/06/22,"91,214","90,560","97,419","98,384"
05/09/22,"86,955","90,327","95,150","98,247"
05/10/22,"86,812","88,507","94,810","95,165"
05/11/22,"84,182","89,145","94,300","96,347"
05/12/22,"85,181","91,581","94,505","100,042"
05/13/22,"88,361","90,975","96,079","98,683"
05/16/22,"87,237","92,447","96,445","100,775"
05/17/22,"89,056","89,136","97,437","96,348"
05/18/22,"85,177","89,330","94,898","96,899"
05/19/22,"85,614","88,933","94,737","96,253"
05/20/22,"85,055","90,133","94,720","97,566"
05/23/22,"86,239","88,895","96,009","95,258"
05/24/22,"84,276","90,092","96,023","97,086"
05/25/22,"85,842","91,378","96,686","98,990"
05/26/22,"87,487","93,380","97,430","101,633"
05/27/22,"89,758","93,380","98,740","101,633"
05/30/22,"89,758","93,033","98,740","101,167"
05/31/22,"89,374","92,634","98,216","100,564"
06/01/22,"88,862","94,332","97,898","102,945"
06/02/22,"90,893","93,086","98,706","101,185"
06/03/22,"89,394","93,561","98,165","101,775"
06/06/22,"89,927","94,354","98,539","102,874"
06/07/22,"90,872","93,827","99,305","102,485"
06/08/22,"90,509","91,742","98,637","99,788"
06/09/22,"88,173","89,547","96,940","96,847"
06/10/22,"85,651","86,240","95,638","92,728"
06/13/22,"82,112","86,055","92,981","92,706"
06/14/22,"82,092","86,983","92,537","94,014"
06/15/22,"83,163","84,063","92,681","90,249"
06/16/22,"79,891","84,498","90,601","91,001"
06/17/22,"80,491","84,498","90,004","91,001"
06/20/22,"80,491","86,290","90,004","93,282"
06/21/22,"82,507","85,684","91,870","92,535"
06/22/22,"81,810","86,284","91,218","93,428"
06/23/22,"82,545","88,541","91,511","96,266"
06/24/22,"85,026","88,340","93,183","95,886"
06/27/22,"84,735","87,001","93,585","94,001"
06/28/22,"83,127","86,357","93,061","93,104"
06/29/22,"82,333","85,254","92,552","91,495"
06/30/22,"80,947","86,300","92,031","92,762"
07/01/22,"82,036","86,300","92,948","92,762"
07/04/22,"82,036","86,395","92,948","93,469"
07/05/22,"82,562","86,152","91,914","93,008"
07/06/22,"82,196","87,573","91,963","95,067"
07/07/22,"83,968","87,630","92,914","95,177"
07/08/22,"84,072","86,412","92,912","93,299"
07/11/22,"82,463","85,671","92,338","92,476"
07/12/22,"81,733","85,379","91,737","92,128"
07/13/22,"81,410","84,772","91,333","91,283"
07/14/22,"80,686","86,061","90,868","92,946"
07/15/22,"82,124","86,194","91,771","93,201"
07/18/22,"82,349","87,727","91,645","95,248"
07/19/22,"84,132","88,610","92,873","96,673"
07/20/22,"85,321","88,938","92,848","97,110"
07/21/22,"85,665","87,951","92,881","95,504"
07/22/22,"84,290","88,286","92,577","95,803"
07/25/22,"84,587","86,730","93,356","93,613"
07/26/22,"82,723","88,885","92,897","96,560"
07/27/22,"85,250","89,782","93,982","97,411"
07/28/22,"85,995","91,280","94,890","99,106"
07/29/22,"87,480","91,127","95,836","98,972"
08/01/22,"87,329","91,616","95,465","99,752"
08/02/22,"87,997","92,502","95,446","101,095"
08/03/22,"89,108","92,605","95,568","101,224"
08/04/22,"89,196","92,560","95,176","101,217"
08/05/22,"89,222","92,459","95,406","101,173"
08/08/22,"89,165","91,951","95,399","100,343"
08/09/22,"88,370","93,851","95,555","102,978"
08/10/22,"90,659","94,061","96,618","103,073"
08/11/22,"90,783","95,018","97,185","104,447"
08/12/22,"91,888","95,202","97,963","104,599"
08/15/22,"92,035","95,443","98,061","104,870"
08/16/22,"92,162","94,455","98,276","103,334"
08/17/22,"90,921","94,672","97,984","103,791"
08/18/22,"91,100","93,462","98,365","102,050"
08/19/22,"89,801","92,068","97,835","100,234"
08/22/22,"88,365","92,744","96,910","101,256"
08/23/22,"89,115","93,249","97,339","101,948"
08/24/22,"89,696","94,665","97,727","103,859"
08/25/22,"91,086","92,628","98,598","101,257"
08/26/22,"88,677","92,281","97,099","100,741"
08/29/22,"88,277","91,148","97,092","99,380"
08/30/22,"87,228","90,369","95,892","98,387"
08/31/22,"86,504","89,329","95,312","96,770"
09/01/22,"85,678","89,062","94,908","96,415"
09/02/22,"85,161","89,062","94,829","96,415"
09/05/22,"85,161","88,522","94,829","95,712"
09/06/22,"84,885","89,828","94,438","97,354"
09/07/22,"86,105","90,529","95,365","98,274"
09/08/22,"87,061","92,078","95,837","100,367"
09/09/22,"88,789","93,007","96,894","101,578"
09/12/22,"89,861","90,087","97,644","97,879"
09/13/22,"86,685","90,978","95,373","99,086"
09/14/22,"87,415","90,160","96,136","98,072"
09/15/22,"86,850","88,874","95,263","96,305"
09/16/22,"85,574","89,331","94,409","96,905"
09/19/22,"86,034","88,537","94,732","95,953"
09/20/22,"85,310","87,353","94,008","94,464"
09/21/22,"83,885","86,020","93,033","92,555"
09/22/22,"82,832","84,146","92,391","90,231"
09/23/22,"80,966","83,219","90,540","89,243"
09/26/22,"80,469","83,392","89,404","89,608"
09/27/22,"81,049","85,156","89,333","91,767"
09/28/22,"82,357","83,424","90,962","89,549"
09/29/22,"80,636","82,677","89,695","88,655"
09/30/22,"80,038","84,269","89,003","90,409"
10/03/22,"81,218","86,765","90,916","93,604"
10/04/22,"83,885","86,636","92,938","93,479"
10/05/22,"83,826","86,256","92,872","93,172"
10/06/22,"83,552","84,253","92,383","90,495"
10/07/22,"81,394","83,536","91,109","89,492"
10/10/22,"80,815","82,691","90,608","88,214"
10/11/22,"79,844","82,675","90,264","88,390"
10/12/22,"80,012","83,864","89,917","89,636"
10/13/22,"81,247","82,355","91,454","87,725"
10/14/22,"79,778","83,856","90,089","89,646"
10/17/22,"81,517","84,835","91,244","90,844"
10/18/22,"82,352","84,930","92,100","91,113"
10/19/22,"82,514","84,321","92,131","90,433"
10/20/22,"82,236","85,720","91,513","92,057"
10/21/22,"83,944","86,024","92,933","92,272"
10/24/22,"84,308","86,978","93,446","93,484"
10/25/22,"84,985","86,649","94,166","92,837"
10/26/22,"84,463","86,486","94,379","92,497"
10/27/22,"84,042","87,251","94,493","93,262"
10/28/22,"84,907","86,981","95,412","92,893"
10/31/22,"84,640","87,076","95,321","92,969"
11/01/22,"84,583","85,147","95,533","90,427"
11/02/22,"82,489","84,901","94,140","90,008"
11/03/22,"82,144","85,100","94,292","89,999"
11/04/22,"82,572","85,326","94,903","90,216"
11/07/22,"82,876","85,718","95,261","90,704"
11/08/22,"83,154","83,978","95,560","88,477"
11/09/22,"81,284","87,588","93,960","93,170"
11/10/22,"84,585","88,579","96,571","94,679"
11/11/22,"86,088","87,926","97,026","93,848"
11/14/22,"85,510","88,900","96,531","95,155"
11/15/22,"86,208","87,791","97,229","93,591"
11/16/22,"84,666","87,150","96,556","92,705"
11/17/22,"84,111","87,446","96,186","92,961"
11/18/22,"84,433","86,993","96,562","92,264"
11/21/22,"83,809","88,249","96,330","93,848"
11/22/22,"84,879","88,830","97,472","94,688"
11/23/22,"85,383","88,830","97,666","94,688"
11/24/22,"85,383","88,827","97,666","94,597"
11/25/22,"85,345","87,585","97,784","93,060"
11/28/22,"84,083","87,614","96,633","93,049"
11/29/22,"84,252","89,471","96,814","95,442"
11/30/22,"86,268","89,735","98,157","95,846"
12/01/22,"86,196","89,630","98,189","95,694"
12/02/22,"85,926","88,120","98,102","93,794"
12/05/22,"84,446","86,857","96,805","92,081"
12/06/22,"82,967","86,659","95,913","91,757"
12/07/22,"82,548","87,058","95,843","92,293"
12/08/22,"83,155","86,666","96,053","91,899"
12/09/22,"83,040","87,760","95,437","93,194"
12/12/22,"83,997","88,452","96,586","94,126"
12/13/22,"84,556","88,333","97,127","94,002"
12/14/22,"84,317","86,629","96,975","91,717"
12/15/22,"82,308","86,045","95,905","91,095"
12/16/22,"81,885","85,269","95,184","90,016"
12/19/22,"81,290","85,481","94,760","90,242"
12/20/22,"81,689","86,503","95,068","91,455"
12/21/22,"82,641","85,458","96,086","90,062"
12/22/22,"81,599","86,003","95,263","90,647"
12/23/22,"82,177","86,003","96,058","90,647"
12/26/22,"82,177","85,818","96,058","90,269"
12/27/22,"82,140","84,824","96,232","89,052"
12/28/22,"81,283","86,006","95,269","90,620"
12/29/22,"82,413","85,819","96,087","90,430"
12/30/22,"82,344","85,819","95,918","90,430"
01/01/23,"82,344","85,819","95,918","90,430"
01/02/23,"82,344","86,105","95,918","90,756"
01/03/23,"82,667","86,701","96,222","91,506"
01/04/23,"83,456","86,180","96,587","90,726"
01/05/23,"82,457","87,570","96,461","92,495"
01/06/23,"84,418","88,013","97,332","93,156"
01/09/23,"85,298","88,474","97,526","93,884"
01/10/23,"86,288","89,226","97,333","94,841"
01/11/23,"87,375","89,625","97,737","95,300"
01/12/23,"87,801","89,866","98,269","95,715"
01/13/23,"88,374","89,866","98,002","95,715"
01/16/23,"88,374","89,645","98,002","95,445"
01/17/23,"88,039","89,689","97,899","95,320"
01/18/23,"87,743","89,486","98,565","95,047"
01/19/23,"87,403","90,030","98,412","95,936"
01/20/23,"88,612","90,458","98,190","96,587"
01/23/23,"89,471","90,411","98,004","96,443"
01/24/23,"89,225","90,479","98,271","96,492"
01/25/23,"89,217","90,763","98,394","96,976"
01/26/23,"89,913","91,105","98,255","97,549"
01/27/23,"90,757","90,515","98,216","96,755"
01/30/23,"89,803","91,250","97,978","97,748"
01/31/23,"91,004","91,981","98,312","98,656"
02/01/23,"92,043","93,021","98,852","100,286"
02/02/23,"94,355","92,169","98,893","99,256"
02/03/23,"93,241","91,865","98,273","98,941"
02/06/23,"92,986","92,244","97,726","99,557"
02/07/23,"93,821","91,995","97,652","99,159"
02/08/23,"93,290","91,595","97,781","98,646"
02/09/23,"92,677","91,475","97,483","98,507"
02/10/23,"92,523","91,689","97,197","98,779"
02/13/23,"92,781","91,798","97,370","99,110"
02/14/23,"93,376","92,051","97,067","99,525"
02/15/23,"93,999","91,581","96,991","98,813"
02/16/23,"93,046","91,448","96,756","98,516"
02/17/23,"92,534","91,448","96,913","98,516"
02/20/23,"92,534","90,451","96,913","97,255"
02/21/23,"91,092","90,642","96,209","97,524"
02/22/23,"91,482","90,800","96,372","97,757"
02/23/23,"91,784","90,226","96,627","97,019"
02/24/23,"90,978","90,407","96,216","97,284"
02/27/23,"91,283","90,501","96,358","97,404"
02/28/23,"91,478","90,336","96,357","97,189"
03/01/23,"91,177","90,347","95,936","97,314"
03/02/23,"91,426","91,416","95,839","98,709"
03/03/23,"93,038","91,117","96,348","98,365"
03/06/23,"92,687","90,604","96,227","97,746"
03/07/23,"92,102","90,677","96,014","97,906"
03/08/23,"92,333","90,206","95,925","97,061"
03/09/23,"91,119","89,907","96,187","96,306"
03/10/23,"89,895","90,086","96,888","96,330"
03/13/23,"89,728","90,938","97,392","97,732"
03/14/23,"91,669","90,981","97,104","97,535"
03/15/23,"91,349","91,851","97,738","99,015"
03/16/23,"93,437","91,717","97,402","98,534"
03/17/23,"92,597","91,830","97,989","98,824"
03/20/23,"92,996","92,348","97,649","99,773"
03/21/23,"94,384","92,217","97,607","99,332"
03/22/23,"93,605","92,631","98,307","99,799"
03/23/23,"94,100","92,421","98,508","99,485"
03/24/23,"93,674","92,090","98,625","99,288"
03/27/23,"93,596","91,874","97,832","98,987"
03/28/23,"93,186","92,524","97,676","99,907"
03/29/23,"94,311","92,924","97,869","100,508"
03/30/23,"95,049","93,784","97,897","101,677"
03/31/23,"96,496","93,909","98,281","101,792"
04/03/23,"96,544","93,829","98,627","101,525"
04/04/23,"96,043","93,305","98,921","100,721"
04/05/23,"94,964","93,362","99,110","100,835"
04/06/23,"95,111","93,362","98,975","100,835"
04/07/23,"95,111","93,420","98,975","101,094"
04/10/23,"95,614","93,316","98,486","100,891"
04/11/23,"95,252","93,183","98,566","100,646"
04/12/23,"94,844","94,022","98,673","101,840"
04/13/23,"96,318","93,716","98,718","101,602"
04/14/23,"96,230","93,698","98,366","101,667"
04/17/23,"96,401","93,824","98,003","101,875"
04/18/23,"96,695","93,733","98,087","101,760"
04/19/23,"96,578","93,384","97,967","101,106"
04/20/23,"95,579","93,551","98,308","101,430"
04/21/23,"96,059","93,470","98,212","101,220"
04/24/23,"95,683","92,816","98,480","100,061"
04/25/23,"94,044","92,530","98,905","99,822"
04/26/23,"93,921","93,290","98,624","101,062"
04/27/23,"95,609","93,489","98,367","101,215"
04/28/23,"95,677","93,625","98,743","101,597"
05/01/23,"96,366","93,569","98,066","101,254"
05/02/23,"95,745","93,723","98,734","101,318"
05/03/23,"95,664","93,735","99,062","101,299"
05/04/23,"95,623","94,139","99,015","102,091"
05/05/23,"96,746","94,653","98,727","102,996"
05/08/23,"98,094","94,403","98,362","102,576"
05/09/23,"97,489","94,852","98,304","103,089"
05/10/23,"98,056","94,740","98,786","102,925"
05/11/23,"97,883","94,360","98,987","102,491"
05/12/23,"97,425","94,738","98,568","103,062"
05/15/23,"98,136","94,470","98,427","102,777"
05/16/23,"97,939","94,944","98,214","103,569"
05/17/23,"99,071","95,451","98,159","104,495"
05/18/23,"100,506","95,284","97,847","104,295"
05/19/23,"100,244","95,446","97,678","104,577"
05/22/23,"100,667","95,021","97,690","103,913"
05/23/23,"99,825","94,884","97,758","103,735"
05/24/23,"99,702","95,237","97,524","104,436"
05/25/23,"100,853","96,209","97,225","105,873"
05/26/23,"102,729","96,209","97,315","105,873"
05/29/23,"102,729","96,385","97,315","106,024"
05/30/23,"102,906","96,337","97,832","105,883"
05/31/23,"102,721","96,901","98,111","106,713"
06/01/23,"103,738","97,265","98,297","107,380"
06/02/23,"104,652","97,529","97,969","107,749"
06/05/23,"105,164","97,715","97,928","108,008"
06/06/23,"105,446","96,782","98,034","106,711"
06/07/23,"103,809","97,464","97,665","107,631"
06/08/23,"104,913","97,561","98,017","107,801"
06/09/23,"105,171","98,225","97,828","108,754"
06/12/23,"106,421","98,305","97,988","108,950"
06/13/23,"106,702","98,859","97,686","109,793"
06/14/23,"107,851","99,790","97,732","110,973"
06/15/23,"109,189","99,512","98,246","110,659"
06/16/23,"108,871","99,512","98,058","110,659"
06/19/23,"108,871","99,161","98,058","110,179"
06/20/23,"108,356","98,749","98,141","109,576"
06/21/23,"107,539","98,852","98,197","109,879"
06/22/23,"108,130","98,563","97,900","109,381"
06/23/23,"107,503","98,213","98,104","108,838"
06/26/23,"106,718","98,706","98,251","109,648"
06/27/23,"107,832","98,812","98,090","109,795"
06/28/23,"108,026","98,542","98,293","109,511"
06/29/23,"107,728","99,163","97,799","110,394"
06/30/23,"108,812","99,143","98,037","110,399"
07/03/23,"108,829","99,143","97,825","110,399"
07/04/23,"108,829","99,122","97,825","110,419"
07/05/23,"108,970","98,323","97,525","109,368"
07/06/23,"107,792","98,466","97,077","109,552"
07/07/23,"107,981","98,698","97,109","109,790"
07/10/23,"108,196","99,295","97,359","110,609"
07/11/23,"109,184","99,982","97,568","111,482"
07/12/23,"110,113","101,033","98,158","112,914"
07/13/23,"111,822","100,733","98,655","112,613"
07/14/23,"111,594","101,129","98,214","113,119"
07/17/23,"112,214","101,693","98,375","113,929"
07/18/23,"113,223","101,924","98,418","114,206"
07/19/23,"113,531","100,871","98,600","112,761"
07/20/23,"111,701","100,819","98,221","112,670"
07/21/23,"111,554","100,652","98,286","112,484"
07/24/23,"111,371","100,628","98,199","112,470"
07/25/23,"111,363","100,728","98,114","112,499"
07/26/23,"111,283","100,133","98,380","111,792"
07/27/23,"110,520","101,102","97,825","113,100"
07/28/23,"112,131","101,296","98,126","113,394"
07/31/23,"112,524","100,865","98,231","112,934"
08/01/23,"112,162","99,495","97,806","110,913"
08/02/23,"109,574","99,233","97,567","110,662"
08/03/23,"109,392","99,646","97,178","111,016"
08/04/23,"109,615","99,934","97,742","111,513"
08/07/23,"110,306","99,546","97,705","110,880"
08/08/23,"109,443","99,123","97,914","110,211"
08/09/23,"108,499","98,985","97,972","110,132"
08/10/23,"108,476","98,547","97,581","109,587"
08/11/23,"107,870","98,894","97,312","110,151"
08/14/23,"108,720","98,332","97,214","109,303"
08/15/23,"107,655","97,821","97,033","108,601"
08/16/23,"106,803","97,499","96,839","108,128"
08/17/23,"106,209","97,434","96,829","107,998"
08/18/23,"105,999","97,896","96,978","108,782"
08/21/23,"107,128","97,812","96,639","108,630"
08/22/23,"106,904","98,745","96,686","109,779"
08/23/23,"108,170","97,883","97,367","108,539"
08/24/23,"106,607","97,976","97,177","108,697"
08/25/23,"106,798","98,321","97,176","109,182"
08/28/23,"107,365","99,435","97,348","110,676"
08/29/23,"109,152","99,597","97,810","110,920"
08/30/23,"109,481","99,680","97,766","111,139"
08/31/23,"109,916","99,491","97,912","110,931"
09/01/23,"109,684","99,491","97,586","110,931"
09/04/23,"109,684","99,262","97,586","110,807"
09/05/23,"109,787","98,840","97,205","110,231"
09/06/23,"109,086","98,899","97,085","110,262"
09/07/23,"109,105","98,955","97,346","110,336"
09/08/23,"109,200","99,429","97,372","111,038"
09/11/23,"110,319","99,057","97,769","110,492"
09/12/23,"109,439","99,090","97,485","110,537"
09/13/23,"109,770","99,658","97,500","111,308"
09/14/23,"110,417","98,783","98,005","110,161"
09/15/23,"109,176","98,716","97,241","110,057"
09/18/23,"108,938","98,587","97,188","109,895"
09/19/23,"108,832","98,009","97,074","109,134"
09/20/23,"107,922","96,834","96,587","107,467"
09/21/23,"105,818","96,828","95,604","107,428"
09/22/23,"105,578","97,023","95,642","107,722"
09/25/23,"105,815","96,214","95,776","106,565"
09/26/23,"104,533","96,321","95,104","106,865"
09/27/23,"104,918","96,812","95,110","107,543"
09/28/23,"105,567","96,679","95,531","107,353"
09/29/23,"105,478","96,469","95,410","107,160"
10/02/23,"105,577","95,464","95,131","105,746"
10/03/23,"103,909","95,983","94,276","106,479"
10/04/23,"105,001","95,893","94,675","106,309"
10/05/23,"104,562","96,515","94,639","107,294"
10/06/23,"105,774","97,064","95,106","107,794"
10/09/23,"106,017","97,451","95,682","108,400"
10/10/23,"106,868","97,676","96,013","108,728"
10/11/23,"107,082","97,053","96,198","107,982"
10/12/23,"106,559","96,686","95,567","107,289"
10/13/23,"105,325","97,364","95,346","108,281"
10/16/23,"106,438","97,304","95,897","108,325"
10/17/23,"106,296","96,375","95,768","106,966"
10/18/23,"104,531","95,839","95,000","106,266"
10/19/23,"103,742","95,192","94,505","105,238"
10/20/23,"102,676","95,191","94,030","105,221"
10/23/23,"102,985","95,666","94,037","105,946"
10/24/23,"104,106","94,873","94,407","104,402"
10/25/23,"101,956","94,360","94,280","103,556"
10/26/23,"100,660","94,038","93,936","103,203"
10/27/23,"100,859","94,513","93,939","104,151"
10/30/23,"102,017","95,128","93,853","104,896"
10/31/23,"102,771","95,931","94,418","105,883"
11/01/23,"103,687","97,093","95,053","107,328"
11/02/23,"105,314","98,011","96,062","108,438"
11/03/23,"106,413","97,904","96,870","108,275"
11/06/23,"106,250","98,037","96,898","108,772"
11/07/23,"107,412","97,961","96,855","108,707"
11/08/23,"107,564","97,589","96,885","108,237"
11/09/23,"107,265","98,354","96,684","109,519"
11/10/23,"108,777","98,259","96,925","109,633"
11/13/23,"109,183","99,968","96,620","111,774"
11/14/23,"111,086","100,068","97,880","111,805"
11/15/23,"110,948","99,780","98,021","111,397"
11/16/23,"110,794","100,086","98,001","111,809"
11/17/23,"111,176","100,624","98,130","112,628"
11/20/23,"112,362","100,365","98,530","112,413"
11/21/23,"112,150","100,592","98,128","112,757"
11/22/23,"112,578","100,592","98,273","112,757"
11/23/23,"112,578","100,727","98,273","112,889"
11/24/23,"112,579","100,695","98,357","112,820"
11/27/23,"112,670","100,850","98,455","113,087"
11/28/23,"113,430","100,894","98,664","113,133"
11/29/23,"113,744","101,302","98,822","113,546"
11/30/23,"113,762","101,948","99,117","114,347"
12/01/23,"114,398","101,871","99,498","114,203"
12/04/23,"114,133","101,704","99,475","114,144"
12/05/23,"114,490","101,549","99,306","113,805"
12/06/23,"114,047","102,037","99,353","114,650"
12/07/23,"115,203","102,438","99,539","115,322"
12/08/23,"116,289","102,615","99,814","115,642"
12/11/23,"116,482","102,938","99,755","116,193"
12/12/23,"117,253","104,047","99,928","117,578"
12/13/23,"118,525","104,718","100,698","118,253"
12/14/23,"118,599","104,638","101,153","118,177"
12/15/23,"119,025","104,970","101,316","118,752"
12/18/23,"119,791","105,489","101,428","119,500"
12/19/23,"120,335","104,572","101,586","118,067"
12/20/23,"118,915","105,177","101,254","119,118"
12/21/23,"120,222","105,435","101,416","119,357"
12/22/23,"120,148","105,435","101,597","119,357"
12/25/23,"120,148","105,985","101,597","119,997"
12/26/23,"120,706","106,093","102,051","120,200"
12/27/23,"121,169","106,143","102,133","120,207"
12/28/23,"121,058","105,768","102,246","119,541"
12/29/23,"120,061","105,768","102,106","119,541"
01/01/24,"120,061","105,315","102,106","118,701"
01/02/24,"118,291","104,702","101,672","117,772"
01/03/24,"117,388","104,779","101,445","117,915"
01/04/24,"117,679","105,111","101,511","118,375"
01/05/24,"118,404","105,964","101,800","119,830"
01/08/24,"120,446","105,858","102,159","119,740"
01/09/24,"120,500","106,177","102,134","120,307"
01/10/24,"121,555","106,005","102,384","120,065"
01/11/24,"121,182","105,975","102,258","119,977"
01/12/24,"120,985","105,975","102,231","119,977"
01/15/24,"120,985","105,823","102,231","119,772"
01/16/24,"120,882","105,423","102,269","119,231"
01/17/24,"120,411","105,759","102,094","119,824"
01/18/24,"121,082","106,494","102,142","121,127"
01/19/24,"122,831","106,943","102,342","121,789"
01/22/24,"123,483","107,133","102,602","122,073"
01/23/24,"124,159","107,217","102,822","122,341"
01/24/24,"124,703","107,820","102,814","123,130"
01/25/24,"125,412","107,869","103,107","123,186"
01/26/24,"125,352","108,212","103,090","123,714"
01/29/24,"125,884","108,270","103,216","123,493"
01/30/24,"124,917","107,085","103,330","121,839"
01/31/24,"123,585","107,806","102,828","122,925"
02/01/24,"124,959","108,747","103,288","124,664"
02/02/24,"127,491","107,929","103,568","123,794"
02/05/24,"127,219","107,908","103,071","123,795"
02/06/24,"127,109","108,340","102,952","124,628"
02/07/24,"128,632","108,786","103,228","125,422"
02/08/24,"129,737","109,340","103,442","126,380"
02/09/24,"131,108","109,609","103,703","126,575"
02/12/24,"130,787","108,332","103,865","124,639"
02/13/24,"128,920","109,368","103,417","126,742"
02/14/24,"132,469","110,502","103,756","128,277"
02/15/24,"133,977","110,167","104,339","127,542"
02/16/24,"132,769","110,167","104,326","127,542"
02/19/24,"132,769","109,650","104,326","126,531"
02/20/24,"131,013","109,253","104,132","125,834"
02/21/24,"129,809","110,711","103,897","128,487"
02/22/24,"133,785","110,981","104,461","128,713"
02/23/24,"133,615","111,061","104,667","129,075"
02/26/24,"134,844","111,178","104,754","129,347"
02/27/24,"135,294","110,920","104,720","129,040"
02/28/24,"135,103","111,597","104,559","130,219"
02/29/24,"136,824","112,289","104,868","131,379"
03/01/24,"138,738","112,872","105,368","132,615"
03/04/24,"141,163","112,132","105,550","131,069"
03/05/24,"138,489","112,868","105,288","132,364"
03/06/24,"140,588","113,384","105,670","133,271"
03/07/24,"141,744","113,132","105,814","132,739"
03/08/24,"140,895","112,885","105,743","132,110"
03/11/24,"139,606","113,871","105,764","133,782"
03/12/24,"141,816","113,898","106,193","133,711"
03/13/24,"141,591","113,007","106,247","132,410"
03/14/24,"139,916","112,836","105,697","132,069"
03/15/24,"139,419","112,919","105,639","132,119"
03/18/24,"139,090","113,182","105,681","132,458"
03/19/24,"139,075","113,975","105,746","133,789"
03/20/24,"140,954","114,711","106,069","135,014"
03/21/24,"142,637","114,573","106,446","134,828"
03/22/24,"142,712","114,685","106,490","135,042"
03/25/24,"143,267","114,536","106,586","134,817"
03/26/24,"143,110","114,808","106,534","134,851"
03/27/24,"142,081","115,237","106,689","135,268"
03/28/24,"142,311","115,237","107,100","135,268"
03/29/24,"142,311","115,079","107,100","135,245"
04/01/24,"142,753","114,879","106,988","134,806"
04/02/24,"142,178","115,260","106,941","135,654"
04/03/24,"143,780","114,675","107,102","134,367"
04/04/24,"141,860","115,309","106,925","135,624"
04/05/24,"143,880","115,308","107,173","135,596"
04/08/24,"143,743","115,001","107,181","134,901"
04/09/24,"142,310","114,678","107,050","134,320"
04/10/24,"142,265","115,031","106,990","134,994"
04/11/24,"143,177","114,131","107,142","133,152"
04/12/24,"140,736","113,540","106,833","131,886"
04/15/24,"138,706","113,694","106,640","132,231"
04/16/24,"139,665","113,424","106,729","131,591"
04/17/24,"138,513","113,385","106,629","131,442"
04/18/24,"138,089","112,991","106,646","130,494"
04/19/24,"135,753","113,233","106,471","130,984"
04/22/24,"136,267","113,897","106,544","132,357"
04/23/24,"138,505","113,954","106,799","132,441"
04/24/24,"138,423","113,904","106,805","132,325"
04/25/24,"138,771","114,268","106,867","133,080"
04/26/24,"139,950","114,457","106,992","133,419"
04/29/24,"140,457","113,635","107,080","131,767"
04/30/24,"138,258","113,450","106,810","131,289"
05/01/24,"137,258","113,977","106,741","132,322"
05/02/24,"138,819","114,586","106,971","133,558"
05/03/24,"140,643","115,232","107,193","134,879"
05/06/24,"142,789","115,293","107,446","134,963"
05/07/24,"142,728","115,318","107,476","134,972"
05/08/24,"142,525","115,630","107,490","135,454"
05/09/24,"142,892","115,698","107,618","135,550"
05/10/24,"142,870","115,533","107,636","135,225"
05/13/24,"142,135","115,873","107,569","135,923"
05/14/24,"143,200","116,735","107,708","137,652"
05/15/24,"145,941","116,410","108,028","136,910"
05/16/24,"144,637","116,713","107,933","137,513"
05/17/24,"145,639","116,880","108,066","137,828"
05/20/24,"146,220","116,965","108,140","137,973"
05/21/24,"146,586","116,520","108,195","137,097"
05/22/24,"145,450","116,142","108,053","136,376"
05/23/24,"144,722","116,657","107,950","137,432"
05/24/24,"146,627","116,657","108,176","137,432"
05/27/24,"146,627","116,704","108,176","137,573"
05/28/24,"147,259","116,251","108,215","136,695"
05/29/24,"146,419","116,238","108,077","136,614"
05/30/24,"146,224","116,448","108,115","136,869"
05/31/24,"145,548","116,356","108,146","136,668"
06/03/24,"145,710","116,325","108,155","136,593"
06/04/24,"145,657","116,956","108,172","137,876"
06/05/24,"147,642","116,911","108,393","137,799"
06/06/24,"147,717","116,463","108,412","136,927"
06/07/24,"146,382","116,585","108,253","137,112"
06/10/24,"146,703","116,437","108,313","136,826"
06/11/24,"146,598","116,965","108,282","137,930"
06/12/24,"148,363","116,837","108,480","137,707"
06/13/24,"148,392","116,700","108,464","137,333"
06/14/24,"147,826","117,041","108,432","138,045"
06/17/24,"148,866","117,240","108,556","138,446"
06/18/24,"149,284","117,240","108,644","138,446"
06/19/24,"149,284","117,165","108,644","138,222"
06/20/24,"148,764","117,088","108,634","138,036"
06/21/24,"148,411","117,101","108,609","137,997"
06/24/24,"147,737","117,221","108,599","138,320"
06/25/24,"148,842","117,118","108,679","138,138"
06/26/24,"148,882","117,196","108,661","138,257"
06/27/24,"149,303","117,096","108,724","138,039"
06/28/24,"148,701","117,025","108,686","137,911"
07/01/24,"148,722","117,281","108,691","138,409"
07/02/24,"149,504","117,607","108,803","139,043"
07/03/24,"150,549","117,607","108,957","139,043"
07/04/24,"150,549","117,806","108,957","139,391"
07/05/24,"151,340","117,828","109,081","139,412"
07/08/24,"151,348","117,808","109,092","139,403"
07/09/24,"151,626","118,281","109,111","140,294"
07/10/24,"152,689","118,286","109,266","140,151"
07/11/24,"151,449","118,708","109,210","140,974"
07/12/24,"152,458","118,708","109,381","140,994"
07/15/24,"152,509","119,290","109,381","142,061"
07/16/24,"153,564","118,483","109,571","140,355"
07/17/24,"150,416","118,076","109,281","139,487"
07/18/24,"149,100","117,730","109,127","138,807"
07/19/24,"148,425","118,035","109,064","139,390"
07/22/24,"149,236","118,324","109,191","139,934"
07/23/24,"150,368","116,928","109,312","136,988"
07/24/24,"145,214","116,933","108,796","136,973"
07/25/24,"144,709","117,420","108,763","137,857"
07/26/24,"145,768","117,499","108,973","137,979"
07/29/24,"145,817","117,289","108,986","137,486"
07/30/24,"144,472","117,955","108,895","138,800"
07/31/24,"146,766","117,228","109,173","137,202"
08/01/24,"144,505","115,937","108,943","134,431"
08/02/24,"140,265","114,496","108,522","131,565"
08/05/24,"136,425","115,173","108,025","132,985"
08/06/24,"138,678","115,039","108,288","132,602"
08/07/24,"137,720","116,086","108,217","134,735"
08/08/24,"140,834","116,379","108,614","135,295"
08/09/24,"141,731","116,436","108,742","135,341"
08/12/24,"141,848","117,064","108,784","136,612"
08/13/24,"143,628","117,404","109,015","137,342"
08/14/24,"144,890","118,042","109,152","138,612"
08/15/24,"146,580","118,382","109,380","139,208"
08/16/24,"147,246","118,914","109,531","140,281"
08/19/24,"148,740","118,795","109,710","140,016"
08/20/24,"148,566","119,123","109,702","140,626"
08/21/24,"149,435","118,691","109,825","139,733"
08/22/24,"147,822","119,503","109,664","141,336"
08/23/24,"149,769","119,300","109,953","140,853"
08/26/24,"148,773","119,402","109,878","141,044"
08/27/24,"149,096","118,929","109,927","140,033"
08/28/24,"147,486","119,127","109,762","140,428"
08/29/24,"148,137","119,644","109,854","141,450"
08/30/24,"149,577","119,644","110,069","141,450"
09/01/24,"149,577","118,433","110,069","138,891"
09/02/24,-,"118,293","109,738","138,498"
09/03/24,"146,321","118,155","109,749","138,189"
09/04/24,"145,782","117,430","109,742","136,740"
09/05/24,"145,522","118,211","109,532","138,185"
09/06/24,"143,735","118,604","109,833","138,872"
09/09/24,"145,771","118,962","110,027","139,634"
09/10/24,"146,718","119,422","110,140","140,508"
09/11/24,"147,664","120,063","110,287","141,681"
09/12/24,"148,698","120,231","110,548","141,921"
09/13/24,"150,042","120,244","110,645","142,035"
09/16/24,"150,148","120,158","110,640","141,948"
09/17/24,"150,334","121,025","110,589","143,694"
09/18/24,"150,319","121,050","110,877","143,625"
09/19/24,"152,415","121,286","110,912","144,067"
09/20/24,"152,351","121,582","110,990","144,618"
09/23/24,"152,854","121,409","111,114","144,310"
09/24/24,"153,742","121,666","111,040","144,784"
09/25/24,"153,398","121,682","111,133","144,760"
09/26/24,"154,000","121,588","111,182","144,621"
09/27/24,"153,949","121,053","111,118","143,486"
09/30/24,"153,528","121,043","110,960","143,519"
10/01/24,"151,857","120,736","110,937","143,009"
10/02/24,"152,002","121,466","110,797","144,498"
10/03/24,"151,268","120,923","111,038","143,535"
10/04/24,"153,346","121,640","110,830","144,944"
10/07/24,"152,193","121,918","111,105","145,516"
10/08/24,"154,125","121,924","111,190","145,558"
10/09/24,"154,896","122,619","111,185","146,863"
10/10/24,"154,922","123,418","111,465","148,480"
10/11/24,"156,622","122,686","111,754","146,973"
10/14/24,"158,840","123,033","111,496","147,590"
10/15/24,"156,707","122,886","111,628","147,291"
10/16/24,"157,480","123,083","111,593","147,603"
10/17/24,"157,095","122,861","111,682","147,183"
10/18/24,"157,436","122,893","111,624","147,278"
10/21/24,"156,925","122,132","111,658","145,755"
10/22/24,"157,145","122,357","111,399","146,229"
10/23/24,"155,142","122,353","111,485","146,231"
10/24/24,"155,791","122,664","111,510","146,833"
10/25/24,"155,788","122,867","111,623","147,293"
10/28/24,"156,582","122,412","111,687","146,305"
10/29/24,"157,239","120,976","111,537","143,378"
10/30/24,"155,847","121,059","111,056","143,602"
10/31/24,"151,881","120,886","111,097","143,243"
11/01/24,"152,228","122,033","111,035","145,515"
11/04/24,"151,690","123,709","111,436","148,960"
11/05/24,"154,679","124,508","111,997","150,509"
11/06/24,"159,228","125,213","112,277","151,837"
11/07/24,"161,207","125,813","112,562","153,177"
11/08/24,"162,828","125,383","112,781","152,390"
11/11/24,"164,781","125,074","112,637","151,769"
11/12/24,"163,761","124,555","112,546","150,753"
11/13/24,"162,927","124,282","112,368","150,199"
11/14/24,"161,611","124,988","112,333","151,575"
11/15/24,"160,998","125,659","112,612","152,901"
11/18/24,"162,929","125,810","112,872","153,149"
11/19/24,"164,729","126,027","112,934","153,443"
11/20/24,"165,025","126,681","113,011","154,715"
11/21/24,"165,229","126,802","113,252","154,965"
11/22/24,"166,945","126,608","113,289","154,445"
11/25/24,"167,231","126,579","113,209","154,394"
11/26/24,"166,274","126,579","113,232","154,394"
11/27/24,"166,315","127,008","113,232","155,196"
11/28/24,"166,315","126,685","113,392","154,602"
11/29/24,"167,305","126,691","113,269","154,602"
12/02/24,"166,518","127,192","113,268","155,635"
12/03/24,"166,460","126,865","113,441","154,973"
12/04/24,"167,840","127,311","113,335","155,901"
12/05/24,"166,936","126,382","113,512","154,038"
12/06/24,"168,208","125,830","113,205","152,910"
12/09/24,"165,809","126,504","113,018","154,277"
12/10/24,"164,297","126,341","113,252","154,017"
12/11/24,"166,128","126,318","113,224","154,021"
12/12/24,"165,889","126,576","113,252","154,562"
12/13/24,"166,011","126,182","113,346","153,822"
12/16/24,"166,728","123,989","113,225","149,569"
12/17/24,"165,828","123,796","112,481","149,128"
12/18/24,"160,333","124,532","112,415","150,496"
12/19/24,"159,636","124,607","112,712","150,620"
12/20/24,"161,410","125,380","112,729","152,146"
12/23/24,"161,475","125,380","113,018","152,146"
12/24/24,"163,505","125,301","113,018","152,005"
12/25/24,"163,505","124,313","113,007","149,967"
12/26/24,"163,301","123,430","112,654","148,268"
12/27/24,"160,578","122,924","112,249","147,251"
12/30/24,"158,391","122,924","112,033","147,251"
12/31/24,"157,057","123,429","112,033","148,234"
01/01/25,"157,057","124,626","112,216","150,539"
01/02/25,"158,404","125,284","112,760","151,785"
01/03/25,"161,323","124,108","113,056","149,540"
01/06/25,"162,940","123,890","112,558","149,069"
01/07/25,"160,078","123,890","112,478","149,069"
01/08/25,"159,343","123,546","112,478","148,484"
01/09/25,"159,343","123,139","112,322","147,605"
01/10/25,"158,874","123,581","112,183","148,403"
01/13/25,"157,614","125,071","112,332","151,139"
01/14/25,"158,576","125,262","113,042","151,441"
01/15/25,"161,960","125,998","113,111","152,721"
01/16/25,"162,323","125,998","113,485","152,721"
01/17/25,"163,866","127,152","113,485","154,877"
01/20/25,"163,866","127,328","113,957","155,246"
01/21/25,"166,460","127,716","114,052","156,006"
01/22/25,"166,842","127,749","114,228","156,011"
01/23/25,"167,809","125,382","114,258","151,245"
01/24/25,"167,852","126,246","113,217","153,075"
01/27/25,"161,470","126,345","113,622","153,204"
01/28/25,"163,952","127,207","113,651","154,873"
01/29/25,"164,112","126,869","114,022","154,353"
01/30/25,"166,228","126,542","113,926","153,645"
01/31/25,"165,905","127,325","113,771","155,301"
02/03/25,"164,947","127,781","114,116","156,256"
02/04/25,"167,237","127,920","114,341","156,576"
02/05/25,"168,503","127,818","114,449","156,356"
02/06/25,"168,953","128,652","114,323","157,947"
02/07/25,"168,591","128,015","114,696","156,603"
02/10/25,"170,774","128,118","114,459","156,835"
02/11/25,"168,950","129,032","114,490","158,708"
02/12/25,"169,403","129,165","114,980","158,982"
02/13/25,"171,864","129,165","115,043","158,982"
02/14/25,"172,246","129,091","115,043","158,712"
02/17/25,"172,246","129,226","115,010","158,927"
02/18/25,"171,701","128,634","115,115","157,609"
02/19/25,"172,030","126,678","114,878","153,656"
02/20/25,"170,236","125,883","113,982","152,009"
02/21/25,"164,982","124,912","113,630","150,182"
02/24/25,"162,796","125,318","113,257","151,107"
02/25/25,"160,353","124,109","113,427","148,681"
02/26/25,"161,592","124,745","112,813","149,899"
02/27/25,"158,385","123,516","113,174","147,359"
02/28/25,"159,929","122,932","112,628","146,216"
03/03/25,"156,607","123,445","112,272","147,146"
03/04/25,"155,123","121,705","112,604","143,700"
03/05/25,"156,207","121,876","111,840","143,941"
03/06/25,"151,745","120,212","111,959","140,776"
03/07/25,"151,919","120,251","111,120","140,796"
03/10/25,"147,857","120,562","111,049","141,396"
03/11/25,"147,902","120,068","111,241","140,478"
03/12/25,"148,674","121,235","110,998","142,517"
03/13/25,"147,660","121,713","111,568","143,404"
03/14/25,"150,005","120,895","111,798","141,777"
03/17/25,"151,104","121,654","111,402","143,140"
03/18/25,"148,942","121,569","111,764","143,006"
03/19/25,"150,552","121,525","111,709","142,931"
03/20/25,"150,496","122,639","111,719","145,017"
03/21/25,"150,380","122,559","112,254","144,842"
03/24/25,"152,889","121,590","112,223","142,891"
03/25/25,"152,604","121,128","111,802","141,912"
03/26/25,"150,046","120,009","111,643","139,726"
03/27/25,"148,756","120,246","111,107","140,149"
03/28/25,"146,033","120,446","111,252","140,450"
03/31/25,"146,534","120,881","111,372","141,232"
04/01/25,"146,899","118,706","111,585","137,351"
04/02/25,"147,776","116,076","110,519","132,486"
04/03/25,"143,430","115,798","109,171","132,135"
04/04/25,"137,599","115,107","109,041","130,804"
04/07/25,"137,113","118,942","108,709","137,147"
04/08/25,"135,409","117,676","110,419","135,037"
04/09/25,"142,700","118,624","109,901","136,599"
04/10/25,"140,319","119,106","110,360","137,377"
04/11/25,"142,205","119,404","110,612","137,894"
04/14/25,"143,165","118,585","110,741","136,473"
04/15/25,"143,857","118,746","110,443","136,708"
04/16/25,"142,243","118,746","110,550","136,708"
04/17/25,"142,553","118,090","110,550","135,482"
04/18/25,"142,553","119,215","110,393","137,363"
04/21/25,"141,156","119,532","110,810","137,915"
04/22/25,"143,303","120,232","110,820","139,122"
04/23/25,"143,747","120,774","111,092","140,063"
04/24/25,"145,076","120,788","111,301","140,054"
04/25/25,"146,304","120,983","111,340","140,385"
04/28/25,"146,186","121,004","111,402","140,437"
04/29/25,"146,567","121,081","111,376","140,569"
04/30/25,"146,550","122,269","111,351","142,628"
05/01/25,"146,710","122,330","111,839","142,725"
05/02/25,"149,208","122,449","111,953","142,813"
05/05/25,"149,383","122,650","112,138","143,098"
05/06/25,"149,459","123,009","112,233","143,926"
05/07/25,"149,796","123,227","112,148","144,262"
05/08/25,"150,943","123,373","112,255","144,697"
05/09/25,"151,343","124,442","112,014","146,518"
05/12/25,"151,938","124,382","112,378","146,559"
05/13/25,"154,214","124,388","112,220","146,287"
05/14/25,"154,319","124,564","112,392","146,589"
05/15/25,"153,833","124,781","112,415","146,873"
05/16/25,"154,201","125,092","112,540","147,386"
05/19/25,"154,511","124,334","112,680","146,156"
05/20/25,"155,154","124,493","112,346","146,391"
05/21/25,"153,632","124,362","112,467","146,074"
05/22/25,"153,913","124,362","112,523","146,074"
05/23/25,"153,469","125,036","112,523","147,152"
05/26/25,"153,469","124,659","112,768","146,625"
05/27/25,"154,784","124,492","112,571","146,246"
05/28/25,"154,178","124,712","112,619","146,541"
05/29/25,"153,662","125,319","112,811","147,626"
05/30/25,"154,004","125,798","112,949","148,492"
06/02/25,"155,377","126,012","113,078","148,705"
06/03/25,"156,490","125,204","113,339","147,403"
06/04/25,"156,695","125,711","112,929","148,482"
06/05/25,"155,078","126,086","112,878","149,017"
06/06/25,"156,530","125,954","113,087","148,739"
06/09/25,"157,158","126,229","113,074","149,105"
06/10/25,"156,783","126,358","113,290","149,199"
06/11/25,"157,187","126,038","113,443","148,762"
06/12/25,"157,241","126,641","113,294","149,809"
06/13/25,"156,750","126,374","113,427","149,332"
06/16/25,"158,065","126,472","113,439","149,519"
06/17/25,"157,473","126,472","113,473","149,519"
06/18/25,"157,705","126,244","113,473","149,051"
06/19/25,"157,705","126,653","113,481","149,587"
06/20/25,"157,094","127,450","113,712","150,855"
06/23/25,"157,706","127,404","114,036","150,710"
06/24/25,"159,227","128,230","114,063","152,061"
06/25/25,"159,014","127,989","114,420","151,690"
06/26/25,"160,664","129,127","114,264","153,585"
06/27/25,"160,215","128,356","114,752","152,325"
06/30/25,"162,584","129,036","114,381","153,488"
07/01/25,"161,024","129,177","114,618","153,831"
07/02/25,"162,495","129,177","114,508","153,831"
07/03/25,"162,956","129,042","114,508","153,674"
07/04/25,"162,956","128,657","114,438","153,019"
07/07/25,"162,806","129,389","114,268","154,139"
07/08/25,"161,981","129,530","114,648","154,398"
07/09/25,"163,339","129,376","114,700","154,093"
07/10/25,"163,662","129,823","114,627","154,858"
07/11/25,"163,257","129,101","114,777","153,789"
07/14/25,"164,224","129,831","114,409","154,901"
07/15/25,"162,939","130,182","114,812","155,525"
07/16/25,"164,290","130,045","114,878","155,207"
07/17/25,"165,076","129,907","114,924","154,860"
07/18/25,"164,634","130,073","114,941","155,039"
07/21/25,"164,129","129,924","115,100","154,865"
07/22/25,"164,328","129,543","114,910","154,227"
07/23/25,"164,123","129,464","114,714","154,069"
07/24/25,"163,308","129,420","114,713","154,027"
07/25/25,"163,101","129,250","114,676","153,580"
07/28/25,"163,078","128,882","114,751","153,067"
07/29/25,"162,434","129,093","114,490","153,455"
07/30/25,"161,835","128,996","114,594","152,908"
07/31/25,"162,339","130,090","115,066","154,718"
08/01/25,"161,526","129,851","115,423","154,375"
08/04/25,"163,762","130,536","115,308","155,538"
08/05/25,"163,351","131,060","115,549","156,504"
08/06/25,"164,802","131,038","115,749","156,509"
08/07/25,"166,065","131,118","115,650","156,651"
08/08/25,"166,081","131,360","115,681","156,961"
08/11/25,"166,266","131,494","115,766","157,001"
08/12/25,"166,605","131,151","115,922","156,596"
08/13/25,"166,562","131,277","115,703","156,903"
08/14/25,"166,148","131,238","115,729","156,856"
08/15/25,"166,577","130,441","115,701","155,470"
08/18/25,"166,527","130,385","115,485","155,292"
08/19/25,"164,779","130,102","115,508","154,921"
08/20/25,"164,531","131,035","115,332","156,235"
08/21/25,"164,119","130,810","115,850","156,013"
08/22/25,"165,635","130,985","115,682","156,166"
08/25/25,"165,432","131,213","115,858","156,479"
08/26/25,"165,569","131,459","116,012","156,880"
08/27/25,"165,933","131,144","116,098","156,341"
08/28/25,"166,419","131,144","116,066","156,341"
08/29/25,"165,746","130,782","116,066","155,686"
09/01/25,"165,746","130,862","115,922","155,670"
09/02/25,"164,936","131,253","116,017","156,260"
09/03/25,"164,836","131,645","116,209","156,800"
09/04/25,"165,543","131,876","116,505","157,094"
09/05/25,"166,154","132,146","116,661","157,663"
09/08/25,"166,471","132,150","116,639","157,582"
09/09/25,"167,230","132,599","116,678","158,273"
09/10/25,"167,068","133,036","116,830","159,077"
09/11/25,"167,876","133,576","116,958","159,968"
09/12/25,"168,916","133,945","117,182","160,569"
09/15/25,"170,026","133,756","117,371","160,337"
09/16/25,"170,760","134,030","117,227","160,803"
09/17/25,"170,508","134,123","117,232","160,948"
09/18/25,"171,086","134,495","117,285","161,654"
09/19/25,"171,263","134,348","117,362","161,342"
09/22/25,"172,176","134,177","117,367","161,109"
09/23/25,"171,752","133,637","117,256","160,300"
09/24/25,"171,509","133,747","116,999","160,427"
09/25/25,"170,548","134,387","117,068","161,385"
09/26/25,"170,694","134,533","117,370","161,580"
09/29/25,"171,827","135,173","117,448","162,552"
09/30/25,"172,033","135,700","117,787","163,412"
10/01/25,"173,193","135,650","117,979","163,312"
10/02/25,"174,257","136,243","117,937","164,301"
10/03/25,"174,119","135,748","118,114","163,435"
10/06/25,"175,354","136,392","118,031","164,504"
10/07/25,"174,276","135,794","118,228","163,614"
10/08/25,"175,583","133,571","117,793","160,399"
10/09/25,"174,562","135,084","116,114","162,501"
10/10/25,"170,971","134,699","117,230","161,896"
10/13/25,"173,358","135,253","116,983","162,568"
10/14/25,"172,622","135,151","117,444","162,357"
10/15/25,"173,364","134,982","117,358","162,099"
10/16/25,"173,153","136,377","117,257","164,064"
10/17/25,"172,835","135,544","118,337","162,825"
10/20/25,"175,050","134,853","117,766","161,781"
10/21/25,"173,482","135,545","117,260","162,873"
10/22/25,"172,253","136,042","117,741","163,591"
10/23/25,"173,607","137,089","118,119","165,026"
10/24/25,"174,409","137,248","118,948","165,214"
10/27/25,"176,009","137,201","119,135","165,252"
10/28/25,"176,131","136,084","119,028","163,631"
10/29/25,"176,311","136,441","118,188","164,114"
10/30/25,"174,461","136,588","118,472","164,235"
10/31/25,"174,970","134,863","118,617","161,797"
11/03/25,"175,081","135,450","117,273","162,760"
11/04/25,"172,326","134,613","117,680","161,524"
11/05/25,"173,496","134,758","117,023","161,851"
11/06/25,"172,127","136,524","117,077","164,287"
11/07/25,"172,541","136,372","118,470","163,895"
11/10/25,"175,248","136,585","118,446","164,127"
11/11/25,"174,661","134,806","118,637","161,664"
11/12/25,"174,900","134,732","117,253","161,597"
11/13/25,"172,130","133,797","117,133","160,243"
11/14/25,"172,133","133,491","116,414","159,793"
11/17/25,"170,628","133,584","116,163","159,861"
11/18/25,"170,096","131,964","116,256","157,437"
11/19/25,"170,188","132,647","115,111","158,242"
11/20/25,"167,344","134,472","115,713","160,931"
11/21/25,"168,167","135,270","117,016","161,917"
11/24/25,"171,347","136,046","117,683","163,058"
11/25/25,"172,361","136,046","118,274","163,058"
11/26/25,"173,695","136,483","118,274","163,752"
11/27/25,"173,695","135,960","118,591","163,090"
11/28/25,"174,567","136,046","118,109","163,198"
12/01/25,"173,904","136,162","118,261","163,303"
12/02/25,"173,920","136,324","118,396","163,656"
12/03/25,"174,016","136,369","118,457","163,714"
12/04/25,"174,495","136,267","118,472","163,631"
12/05/25,"174,584","136,333","118,361","163,889"
12/08/25,"174,553",,"118,339",
12/09/25,"174,998",,,